{"cameraMode":{"drawMode":0,"name":"Shaded","section":"Shading Mode"},"sceneLighting":false,"audioPlay":false,"sceneViewState":{"showFog":true,"showMaterialUpdate":false,"showSkybox":false,"showFlares":true,"showImageEffects":true,"showParticleSystems":true},"in2DMode":false,"pivot":{"x":8.701071739196778,"y":-8.198535919189454,"z":-0.5633950233459473},"rotation":{"x":0.2379196733236313,"y":0.6399080753326416,"z":-0.2183350920677185,"w":0.6973142623901367},"size":12.809342384338379,"orthographic":false}